id,title,content,topic,source
1,Семантический поиск по личным заметкам #1,"Главная исследовательская ценность видна в случаях, когда расплывчатый запрос все равно приводит к нужной заметке. Здесь описаны семантический поиск, косинусная близость и роль смыслового поиска в PKM. Формат специально короткий, похожий на реальную заметку в PKM-системе.",semantic_search,synthetic_pkm_ru
2,Семантический поиск по личным заметкам #2,"Семантический поиск представляет заметку как вектор. Это помогает находить материалы про векторы и поиск по смыслу, даже если в запросе нет точных совпадений. Запись выглядит как рабочий фрагмент личной базы знаний, а не как готовая статья.",semantic_search,synthetic_pkm_ru
3,Эмбеддинги для поиска заметок #3,"Семантический поиск представляет заметку как вектор. Это помогает находить материалы про поиск по смыслу и семантический поиск, даже если в запросе нет точных совпадений. В тексте достаточно контекста, чтобы semantic search мог найти смысловую связь.",semantic_search,synthetic_pkm_ru
4,Эмбеддинги для поиска заметок #4,"Система поиска заметок должна находить связанные идеи даже тогда, когда пользователь формулирует запрос другими словами. В прототипе используются косинусная близость, эмбеддинги и ранжирование результатов. Запись выглядит как рабочий фрагмент личной базы знаний, а не как готовая статья.",semantic_search,synthetic_pkm_ru
5,Эмбеддинги для поиска заметок #5,"Система поиска заметок должна находить связанные идеи даже тогда, когда пользователь формулирует запрос другими словами. В прототипе используются косинусная близость, эмбеддинги и ранжирование результатов. В тексте достаточно контекста, чтобы semantic search мог найти смысловую связь.",semantic_search,synthetic_pkm_ru
6,Как находить идеи без точных слов #6,"Семантический поиск представляет заметку как вектор. Это помогает находить материалы про векторы и семантический поиск, даже если в запросе нет точных совпадений. Эту заметку можно использовать в эксперименте по качеству поиска.",semantic_search,synthetic_pkm_ru
7,Эмбеддинги для поиска заметок #7,"Семантический поиск представляет заметку как вектор. Это помогает находить материалы про эмбеддинги и поиск по смыслу, даже если в запросе нет точных совпадений. Запись выглядит как рабочий фрагмент личной базы знаний, а не как готовая статья.",semantic_search,synthetic_pkm_ru
8,Как находить идеи без точных слов #8,"Главная исследовательская ценность видна в случаях, когда расплывчатый запрос все равно приводит к нужной заметке. Здесь описаны эмбеддинги, косинусная близость и роль смыслового поиска в PKM. Формат специально короткий, похожий на реальную заметку в PKM-системе.",semantic_search,synthetic_pkm_ru
9,Семантический поиск по личным заметкам #9,"Семантический поиск представляет заметку как вектор. Это помогает находить материалы про поиск по смыслу и эмбеддинги, даже если в запросе нет точных совпадений. Запись выглядит как рабочий фрагмент личной базы знаний, а не как готовая статья.",semantic_search,synthetic_pkm_ru
10,Семантический поиск по личным заметкам #10,"Семантический поиск представляет заметку как вектор. Это помогает находить материалы про поиск по смыслу и векторы, даже если в запросе нет точных совпадений. Формат специально короткий, похожий на реальную заметку в PKM-системе.",semantic_search,synthetic_pkm_ru
11,Поиск по смыслу в PKM-системе #11,"Система поиска заметок должна находить связанные идеи даже тогда, когда пользователь формулирует запрос другими словами. В прототипе используются поиск по смыслу, векторы и ранжирование результатов. Эту заметку можно использовать в эксперименте по качеству поиска.",semantic_search,synthetic_pkm_ru
12,Семантический поиск по личным заметкам #12,"Семантический поиск представляет заметку как вектор. Это помогает находить материалы про семантический поиск и эмбеддинги, даже если в запросе нет точных совпадений. Формат специально короткий, похожий на реальную заметку в PKM-системе.",semantic_search,synthetic_pkm_ru
13,Поиск по смыслу в PKM-системе #13,"Семантический поиск представляет заметку как вектор. Это помогает находить материалы про косинусная близость и эмбеддинги, даже если в запросе нет точных совпадений. Запись выглядит как рабочий фрагмент личной базы знаний, а не как готовая статья.",semantic_search,synthetic_pkm_ru
14,Поиск по смыслу в PKM-системе #14,"Семантический поиск представляет заметку как вектор. Это помогает находить материалы про векторы и семантический поиск, даже если в запросе нет точных совпадений. В тексте достаточно контекста, чтобы semantic search мог найти смысловую связь.",semantic_search,synthetic_pkm_ru
15,Семантический поиск по личным заметкам #15,"Семантический поиск представляет заметку как вектор. Это помогает находить материалы про векторы и поиск по смыслу, даже если в запросе нет точных совпадений. Запись выглядит как рабочий фрагмент личной базы знаний, а не как готовая статья.",semantic_search,synthetic_pkm_ru
16,Поиск по смыслу в PKM-системе #16,"Семантический поиск представляет заметку как вектор. Это помогает находить материалы про косинусная близость и эмбеддинги, даже если в запросе нет точных совпадений. Эту заметку можно использовать в эксперименте по качеству поиска.",semantic_search,synthetic_pkm_ru
17,Поиск по смыслу в PKM-системе #17,"Главная исследовательская ценность видна в случаях, когда расплывчатый запрос все равно приводит к нужной заметке. Здесь описаны эмбеддинги, векторы и роль смыслового поиска в PKM. Запись выглядит как рабочий фрагмент личной базы знаний, а не как готовая статья.",semantic_search,synthetic_pkm_ru
18,Как находить идеи без точных слов #18,"Система поиска заметок должна находить связанные идеи даже тогда, когда пользователь формулирует запрос другими словами. В прототипе используются эмбеддинги, поиск по смыслу и ранжирование результатов. Эту заметку можно использовать в эксперименте по качеству поиска.",semantic_search,synthetic_pkm_ru
19,Семантический поиск по личным заметкам #19,"Семантический поиск представляет заметку как вектор. Это помогает находить материалы про семантический поиск и эмбеддинги, даже если в запросе нет точных совпадений. В тексте достаточно контекста, чтобы semantic search мог найти смысловую связь.",semantic_search,synthetic_pkm_ru
20,Поиск по смыслу в PKM-системе #20,"Главная исследовательская ценность видна в случаях, когда расплывчатый запрос все равно приводит к нужной заметке. Здесь описаны векторы, семантический поиск и роль смыслового поиска в PKM. Запись выглядит как рабочий фрагмент личной базы знаний, а не как готовая статья.",semantic_search,synthetic_pkm_ru
21,Семантический поиск по личным заметкам #21,"Семантический поиск представляет заметку как вектор. Это помогает находить материалы про эмбеддинги и косинусная близость, даже если в запросе нет точных совпадений. В тексте достаточно контекста, чтобы semantic search мог найти смысловую связь.",semantic_search,synthetic_pkm_ru
22,Как находить идеи без точных слов #22,"Главная исследовательская ценность видна в случаях, когда расплывчатый запрос все равно приводит к нужной заметке. Здесь описаны поиск по смыслу, векторы и роль смыслового поиска в PKM. В тексте достаточно контекста, чтобы semantic search мог найти смысловую связь.",semantic_search,synthetic_pkm_ru
23,Поиск по смыслу в PKM-системе #23,"Система поиска заметок должна находить связанные идеи даже тогда, когда пользователь формулирует запрос другими словами. В прототипе используются векторы, семантический поиск и ранжирование результатов. Эту заметку можно использовать в эксперименте по качеству поиска.",semantic_search,synthetic_pkm_ru
24,Как находить идеи без точных слов #24,"Семантический поиск представляет заметку как вектор. Это помогает находить материалы про косинусная близость и эмбеддинги, даже если в запросе нет точных совпадений. Эту заметку можно использовать в эксперименте по качеству поиска.",semantic_search,synthetic_pkm_ru
25,Поиск по смыслу в PKM-системе #25,"Система поиска заметок должна находить связанные идеи даже тогда, когда пользователь формулирует запрос другими словами. В прототипе используются косинусная близость, семантический поиск и ранжирование результатов. Эту заметку можно использовать в эксперименте по качеству поиска.",semantic_search,synthetic_pkm_ru
26,Эмбеддинги для поиска заметок #26,"Система поиска заметок должна находить связанные идеи даже тогда, когда пользователь формулирует запрос другими словами. В прототипе используются векторы, косинусная близость и ранжирование результатов. В тексте достаточно контекста, чтобы semantic search мог найти смысловую связь.",semantic_search,synthetic_pkm_ru
27,Семантический поиск по личным заметкам #27,"Система поиска заметок должна находить связанные идеи даже тогда, когда пользователь формулирует запрос другими словами. В прототипе используются эмбеддинги, поиск по смыслу и ранжирование результатов. Запись выглядит как рабочий фрагмент личной базы знаний, а не как готовая статья.",semantic_search,synthetic_pkm_ru
28,Поиск по смыслу в PKM-системе #28,"Система поиска заметок должна находить связанные идеи даже тогда, когда пользователь формулирует запрос другими словами. В прототипе используются семантический поиск, косинусная близость и ранжирование результатов. В тексте достаточно контекста, чтобы semantic search мог найти смысловую связь.",semantic_search,synthetic_pkm_ru
29,Эмбеддинги для поиска заметок #29,"Система поиска заметок должна находить связанные идеи даже тогда, когда пользователь формулирует запрос другими словами. В прототипе используются косинусная близость, поиск по смыслу и ранжирование результатов. Запись выглядит как рабочий фрагмент личной базы знаний, а не как готовая статья.",semantic_search,synthetic_pkm_ru
30,Как находить идеи без точных слов #30,"Система поиска заметок должна находить связанные идеи даже тогда, когда пользователь формулирует запрос другими словами. В прототипе используются эмбеддинги, векторы и ранжирование результатов. В тексте достаточно контекста, чтобы semantic search мог найти смысловую связь.",semantic_search,synthetic_pkm_ru
31,Сравнение BM25 и TF-IDF #1,"Базовый метод поиска использует TF-IDF и baseline. Он прост, интерпретируем и полезен как точка сравнения для семантического поиска. В тексте достаточно контекста, чтобы semantic search мог найти смысловую связь.",keyword_search,synthetic_pkm_ru
32,Базовый поиск по ключевым словам #2,"Поиск по ключевым словам хорошо работает, когда запрос содержит те же термины, что и заметка. В этой заметке собраны наблюдения про ключевые слова, baseline и ранжирование. Эту заметку можно использовать в эксперименте по качеству поиска.",keyword_search,synthetic_pkm_ru
33,TF-IDF как baseline для эксперимента #3,"Базовый метод поиска использует BM25 и baseline. Он прост, интерпретируем и полезен как точка сравнения для семантического поиска. Запись выглядит как рабочий фрагмент личной базы знаний, а не как готовая статья.",keyword_search,synthetic_pkm_ru
34,Базовый поиск по ключевым словам #4,"Для честного эксперимента нужен понятный baseline. Здесь рассматриваются ключевые слова, совпадение слов и отличие лексического поиска от embeddings. Формат специально короткий, похожий на реальную заметку в PKM-системе.",keyword_search,synthetic_pkm_ru
35,Базовый поиск по ключевым словам #5,"Базовый метод поиска использует совпадение слов и ключевые слова. Он прост, интерпретируем и полезен как точка сравнения для семантического поиска. Формат специально короткий, похожий на реальную заметку в PKM-системе.",keyword_search,synthetic_pkm_ru
36,TF-IDF как baseline для эксперимента #6,"Поиск по ключевым словам хорошо работает, когда запрос содержит те же термины, что и заметка. В этой заметке собраны наблюдения про TF-IDF, BM25 и ранжирование. Эту заметку можно использовать в эксперименте по качеству поиска.",keyword_search,synthetic_pkm_ru
37,Лексический поиск и совпадение терминов #7,"Поиск по ключевым словам хорошо работает, когда запрос содержит те же термины, что и заметка. В этой заметке собраны наблюдения про baseline, совпадение слов и ранжирование. В тексте достаточно контекста, чтобы semantic search мог найти смысловую связь.",keyword_search,synthetic_pkm_ru
38,Сравнение BM25 и TF-IDF #8,"Для честного эксперимента нужен понятный baseline. Здесь рассматриваются ключевые слова, совпадение слов и отличие лексического поиска от embeddings. В тексте достаточно контекста, чтобы semantic search мог найти смысловую связь.",keyword_search,synthetic_pkm_ru
39,Сравнение BM25 и TF-IDF #9,"Базовый метод поиска использует baseline и TF-IDF. Он прост, интерпретируем и полезен как точка сравнения для семантического поиска. Эту заметку можно использовать в эксперименте по качеству поиска.",keyword_search,synthetic_pkm_ru
40,Базовый поиск по ключевым словам #10,"Для честного эксперимента нужен понятный baseline. Здесь рассматриваются TF-IDF, baseline и отличие лексического поиска от embeddings. Эту заметку можно использовать в эксперименте по качеству поиска.",keyword_search,synthetic_pkm_ru
41,TF-IDF как baseline для эксперимента #11,"Поиск по ключевым словам хорошо работает, когда запрос содержит те же термины, что и заметка. В этой заметке собраны наблюдения про BM25, TF-IDF и ранжирование. Эту заметку можно использовать в эксперименте по качеству поиска.",keyword_search,synthetic_pkm_ru
42,Сравнение BM25 и TF-IDF #12,"Поиск по ключевым словам хорошо работает, когда запрос содержит те же термины, что и заметка. В этой заметке собраны наблюдения про совпадение слов, baseline и ранжирование. Запись выглядит как рабочий фрагмент личной базы знаний, а не как готовая статья.",keyword_search,synthetic_pkm_ru
43,Лексический поиск и совпадение терминов #13,"Для честного эксперимента нужен понятный baseline. Здесь рассматриваются совпадение слов, baseline и отличие лексического поиска от embeddings. Формат специально короткий, похожий на реальную заметку в PKM-системе.",keyword_search,synthetic_pkm_ru
44,Сравнение BM25 и TF-IDF #14,"Поиск по ключевым словам хорошо работает, когда запрос содержит те же термины, что и заметка. В этой заметке собраны наблюдения про BM25, TF-IDF и ранжирование. Формат специально короткий, похожий на реальную заметку в PKM-системе.",keyword_search,synthetic_pkm_ru
45,Лексический поиск и совпадение терминов #15,"Поиск по ключевым словам хорошо работает, когда запрос содержит те же термины, что и заметка. В этой заметке собраны наблюдения про ключевые слова, TF-IDF и ранжирование. В тексте достаточно контекста, чтобы semantic search мог найти смысловую связь.",keyword_search,synthetic_pkm_ru
46,Лексический поиск и совпадение терминов #16,"Базовый метод поиска использует ключевые слова и BM25. Он прост, интерпретируем и полезен как точка сравнения для семантического поиска. В тексте достаточно контекста, чтобы semantic search мог найти смысловую связь.",keyword_search,synthetic_pkm_ru
47,TF-IDF как baseline для эксперимента #17,"Поиск по ключевым словам хорошо работает, когда запрос содержит те же термины, что и заметка. В этой заметке собраны наблюдения про ключевые слова, baseline и ранжирование. Эту заметку можно использовать в эксперименте по качеству поиска.",keyword_search,synthetic_pkm_ru
48,Лексический поиск и совпадение терминов #18,"Базовый метод поиска использует baseline и TF-IDF. Он прост, интерпретируем и полезен как точка сравнения для семантического поиска. Формат специально короткий, похожий на реальную заметку в PKM-системе.",keyword_search,synthetic_pkm_ru
49,TF-IDF как baseline для эксперимента #19,"Базовый метод поиска использует BM25 и baseline. Он прост, интерпретируем и полезен как точка сравнения для семантического поиска. Эту заметку можно использовать в эксперименте по качеству поиска.",keyword_search,synthetic_pkm_ru
50,TF-IDF как baseline для эксперимента #20,"Поиск по ключевым словам хорошо работает, когда запрос содержит те же термины, что и заметка. В этой заметке собраны наблюдения про ключевые слова, совпадение слов и ранжирование. Эту заметку можно использовать в эксперименте по качеству поиска.",keyword_search,synthetic_pkm_ru
51,Лексический поиск и совпадение терминов #21,"Базовый метод поиска использует TF-IDF и ключевые слова. Он прост, интерпретируем и полезен как точка сравнения для семантического поиска. Запись выглядит как рабочий фрагмент личной базы знаний, а не как готовая статья.",keyword_search,synthetic_pkm_ru
52,Сравнение BM25 и TF-IDF #22,"Базовый метод поиска использует ключевые слова и baseline. Он прост, интерпретируем и полезен как точка сравнения для семантического поиска. Эту заметку можно использовать в эксперименте по качеству поиска.",keyword_search,synthetic_pkm_ru
53,Сравнение BM25 и TF-IDF #23,"Для честного эксперимента нужен понятный baseline. Здесь рассматриваются TF-IDF, совпадение слов и отличие лексического поиска от embeddings. В тексте достаточно контекста, чтобы semantic search мог найти смысловую связь.",keyword_search,synthetic_pkm_ru
54,Сравнение BM25 и TF-IDF #24,"Для честного эксперимента нужен понятный baseline. Здесь рассматриваются baseline, совпадение слов и отличие лексического поиска от embeddings. Запись выглядит как рабочий фрагмент личной базы знаний, а не как готовая статья.",keyword_search,synthetic_pkm_ru
55,Базовый поиск по ключевым словам #25,"Базовый метод поиска использует совпадение слов и baseline. Он прост, интерпретируем и полезен как точка сравнения для семантического поиска. Формат специально короткий, похожий на реальную заметку в PKM-системе.",keyword_search,synthetic_pkm_ru
56,Базовый поиск по ключевым словам #26,"Для честного эксперимента нужен понятный baseline. Здесь рассматриваются BM25, совпадение слов и отличие лексического поиска от embeddings. Запись выглядит как рабочий фрагмент личной базы знаний, а не как готовая статья.",keyword_search,synthetic_pkm_ru
57,Сравнение BM25 и TF-IDF #27,"Базовый метод поиска использует совпадение слов и BM25. Он прост, интерпретируем и полезен как точка сравнения для семантического поиска. Формат специально короткий, похожий на реальную заметку в PKM-системе.",keyword_search,synthetic_pkm_ru
58,Базовый поиск по ключевым словам #28,"Поиск по ключевым словам хорошо работает, когда запрос содержит те же термины, что и заметка. В этой заметке собраны наблюдения про TF-IDF, ключевые слова и ранжирование. Запись выглядит как рабочий фрагмент личной базы знаний, а не как готовая статья.",keyword_search,synthetic_pkm_ru
59,Базовый поиск по ключевым словам #29,"Базовый метод поиска использует baseline и ключевые слова. Он прост, интерпретируем и полезен как точка сравнения для семантического поиска. Запись выглядит как рабочий фрагмент личной базы знаний, а не как готовая статья.",keyword_search,synthetic_pkm_ru
60,Лексический поиск и совпадение терминов #30,"Базовый метод поиска использует BM25 и ключевые слова. Он прост, интерпретируем и полезен как точка сравнения для семантического поиска. В тексте достаточно контекста, чтобы semantic search мог найти смысловую связь.",keyword_search,synthetic_pkm_ru
61,Эксперимент с похожестью тегов #1,"Тегирование в исследовательском прототипе должно оставаться объяснимым. Здесь описаны автоматические теги, классификация и ранжирование тегов по близости. Запись выглядит как рабочий фрагмент личной базы знаний, а не как готовая статья.",tagging,synthetic_pkm_ru
62,Рекомендация top-k тегов #2,"Тегирование в исследовательском прототипе должно оставаться объяснимым. Здесь описаны автоматические теги, метки и ранжирование тегов по близости. Эту заметку можно использовать в эксперименте по качеству поиска.",tagging,synthetic_pkm_ru
63,Рекомендация top-k тегов #3,"Система может предлагать теги, сравнивая embedding заметки с embedding каждого тега. В заметке рассматриваются автоматические теги, эмбеддинги тегов и простая категоризация. Запись выглядит как рабочий фрагмент личной базы знаний, а не как готовая статья.",tagging,synthetic_pkm_ru
64,Автоматическое тегирование заметок #4,"Система может предлагать теги, сравнивая embedding заметки с embedding каждого тега. В заметке рассматриваются top-k теги, автоматические теги и простая категоризация. Эту заметку можно использовать в эксперименте по качеству поиска.",tagging,synthetic_pkm_ru
65,Организация заметок с помощью меток #5,"Тегирование в исследовательском прототипе должно оставаться объяснимым. Здесь описаны top-k теги, эмбеддинги тегов и ранжирование тегов по близости. Эту заметку можно использовать в эксперименте по качеству поиска.",tagging,synthetic_pkm_ru
66,Рекомендация top-k тегов #6,"Тегирование в исследовательском прототипе должно оставаться объяснимым. Здесь описаны top-k теги, эмбеддинги тегов и ранжирование тегов по близости. В тексте достаточно контекста, чтобы semantic search мог найти смысловую связь.",tagging,synthetic_pkm_ru
67,Эксперимент с похожестью тегов #7,"Автоматическая организация полезна, когда заметок становится много. Подход использует top-k теги, эмбеддинги тегов и небольшой заранее заданный словарь. Эту заметку можно использовать в эксперименте по качеству поиска.",tagging,synthetic_pkm_ru
68,Эксперимент с похожестью тегов #8,"Система может предлагать теги, сравнивая embedding заметки с embedding каждого тега. В заметке рассматриваются эмбеддинги тегов, классификация и простая категоризация. Эту заметку можно использовать в эксперименте по качеству поиска.",tagging,synthetic_pkm_ru
69,Эксперимент с похожестью тегов #9,"Система может предлагать теги, сравнивая embedding заметки с embedding каждого тега. В заметке рассматриваются автоматические теги, метки и простая категоризация. Запись выглядит как рабочий фрагмент личной базы знаний, а не как готовая статья.",tagging,synthetic_pkm_ru
70,Эксперимент с похожестью тегов #10,"Система может предлагать теги, сравнивая embedding заметки с embedding каждого тега. В заметке рассматриваются автоматические теги, эмбеддинги тегов и простая категоризация. Запись выглядит как рабочий фрагмент личной базы знаний, а не как готовая статья.",tagging,synthetic_pkm_ru
71,Автоматическое тегирование заметок #11,"Система может предлагать теги, сравнивая embedding заметки с embedding каждого тега. В заметке рассматриваются top-k теги, эмбеддинги тегов и простая категоризация. В тексте достаточно контекста, чтобы semantic search мог найти смысловую связь.",tagging,synthetic_pkm_ru
72,Автоматическое тегирование заметок #12,"Автоматическая организация полезна, когда заметок становится много. Подход использует метки, top-k теги и небольшой заранее заданный словарь. Запись выглядит как рабочий фрагмент личной базы знаний, а не как готовая статья.",tagging,synthetic_pkm_ru
73,Эксперимент с похожестью тегов #13,"Система может предлагать теги, сравнивая embedding заметки с embedding каждого тега. В заметке рассматриваются автоматические теги, метки и простая категоризация. Запись выглядит как рабочий фрагмент личной базы знаний, а не как готовая статья.",tagging,synthetic_pkm_ru
74,Автоматическое тегирование заметок #14,"Тегирование в исследовательском прототипе должно оставаться объяснимым. Здесь описаны эмбеддинги тегов, автоматические теги и ранжирование тегов по близости. Запись выглядит как рабочий фрагмент личной базы знаний, а не как готовая статья.",tagging,synthetic_pkm_ru
75,Рекомендация top-k тегов #15,"Тегирование в исследовательском прототипе должно оставаться объяснимым. Здесь описаны автоматические теги, эмбеддинги тегов и ранжирование тегов по близости. Запись выглядит как рабочий фрагмент личной базы знаний, а не как готовая статья.",tagging,synthetic_pkm_ru
76,Организация заметок с помощью меток #16,"Автоматическая организация полезна, когда заметок становится много. Подход использует классификация, top-k теги и небольшой заранее заданный словарь. Формат специально короткий, похожий на реальную заметку в PKM-системе.",tagging,synthetic_pkm_ru
77,Эксперимент с похожестью тегов #17,"Автоматическая организация полезна, когда заметок становится много. Подход использует классификация, автоматические теги и небольшой заранее заданный словарь. Запись выглядит как рабочий фрагмент личной базы знаний, а не как готовая статья.",tagging,synthetic_pkm_ru
78,Автоматическое тегирование заметок #18,"Система может предлагать теги, сравнивая embedding заметки с embedding каждого тега. В заметке рассматриваются классификация, автоматические теги и простая категоризация. Запись выглядит как рабочий фрагмент личной базы знаний, а не как готовая статья.",tagging,synthetic_pkm_ru
79,Эксперимент с похожестью тегов #19,"Тегирование в исследовательском прототипе должно оставаться объяснимым. Здесь описаны top-k теги, классификация и ранжирование тегов по близости. Формат специально короткий, похожий на реальную заметку в PKM-системе.",tagging,synthetic_pkm_ru
80,Автоматическое тегирование заметок #20,"Автоматическая организация полезна, когда заметок становится много. Подход использует top-k теги, эмбеддинги тегов и небольшой заранее заданный словарь. Запись выглядит как рабочий фрагмент личной базы знаний, а не как готовая статья.",tagging,synthetic_pkm_ru
81,Автоматическое тегирование заметок #21,"Автоматическая организация полезна, когда заметок становится много. Подход использует эмбеддинги тегов, top-k теги и небольшой заранее заданный словарь. Формат специально короткий, похожий на реальную заметку в PKM-системе.",tagging,synthetic_pkm_ru
82,Автоматическое тегирование заметок #22,"Тегирование в исследовательском прототипе должно оставаться объяснимым. Здесь описаны top-k теги, автоматические теги и ранжирование тегов по близости. Эту заметку можно использовать в эксперименте по качеству поиска.",tagging,synthetic_pkm_ru
83,Автоматическое тегирование заметок #23,"Автоматическая организация полезна, когда заметок становится много. Подход использует эмбеддинги тегов, top-k теги и небольшой заранее заданный словарь. В тексте достаточно контекста, чтобы semantic search мог найти смысловую связь.",tagging,synthetic_pkm_ru
84,Организация заметок с помощью меток #24,"Автоматическая организация полезна, когда заметок становится много. Подход использует автоматические теги, эмбеддинги тегов и небольшой заранее заданный словарь. Эту заметку можно использовать в эксперименте по качеству поиска.",tagging,synthetic_pkm_ru
85,Автоматическое тегирование заметок #25,"Автоматическая организация полезна, когда заметок становится много. Подход использует эмбеддинги тегов, классификация и небольшой заранее заданный словарь. В тексте достаточно контекста, чтобы semantic search мог найти смысловую связь.",tagging,synthetic_pkm_ru
86,Рекомендация top-k тегов #26,"Автоматическая организация полезна, когда заметок становится много. Подход использует метки, top-k теги и небольшой заранее заданный словарь. В тексте достаточно контекста, чтобы semantic search мог найти смысловую связь.",tagging,synthetic_pkm_ru
87,Эксперимент с похожестью тегов #27,"Автоматическая организация полезна, когда заметок становится много. Подход использует автоматические теги, top-k теги и небольшой заранее заданный словарь. Формат специально короткий, похожий на реальную заметку в PKM-системе.",tagging,synthetic_pkm_ru
88,Автоматическое тегирование заметок #28,"Тегирование в исследовательском прототипе должно оставаться объяснимым. Здесь описаны классификация, эмбеддинги тегов и ранжирование тегов по близости. В тексте достаточно контекста, чтобы semantic search мог найти смысловую связь.",tagging,synthetic_pkm_ru
89,Организация заметок с помощью меток #29,"Система может предлагать теги, сравнивая embedding заметки с embedding каждого тега. В заметке рассматриваются эмбеддинги тегов, классификация и простая категоризация. Запись выглядит как рабочий фрагмент личной базы знаний, а не как готовая статья.",tagging,synthetic_pkm_ru
90,Автоматическое тегирование заметок #30,"Система может предлагать теги, сравнивая embedding заметки с embedding каждого тега. В заметке рассматриваются метки, top-k теги и простая категоризация. Формат специально короткий, похожий на реальную заметку в PKM-системе.",tagging,synthetic_pkm_ru
91,Идея хранения векторного индекса #1,"Для исследовательского прототипа достаточно CSV, но база данных поможет масштабировать эксперименты. В заметке описаны схема, хранение и метаданные поиска. Запись выглядит как рабочий фрагмент личной базы знаний, а не как готовая статья.",databases,synthetic_pkm_ru
92,Идея хранения векторного индекса #2,"Для исследовательского прототипа достаточно CSV, но база данных поможет масштабировать эксперименты. В заметке описаны схема, индексы и метаданные поиска. Запись выглядит как рабочий фрагмент личной базы знаний, а не как готовая статья.",databases,synthetic_pkm_ru
93,Схема базы данных для PKM-прототипа #3,"В будущей версии можно сохранять embeddings и результаты поиска. Эта заметка посвящена SQLite, индексы и практическим решениям хранения. Эту заметку можно использовать в эксперименте по качеству поиска.",databases,synthetic_pkm_ru
94,SQLite для хранения заметок #4,"Для исследовательского прототипа достаточно CSV, но база данных поможет масштабировать эксперименты. В заметке описаны хранение, индексы и метаданные поиска. Эту заметку можно использовать в эксперименте по качеству поиска.",databases,synthetic_pkm_ru
95,Схема базы данных для PKM-прототипа #5,"Для исследовательского прототипа достаточно CSV, но база данных поможет масштабировать эксперименты. В заметке описаны SQLite, метаданные и метаданные поиска. Формат специально короткий, похожий на реальную заметку в PKM-системе.",databases,synthetic_pkm_ru
96,Схема базы данных для PKM-прототипа #6,"В будущей версии можно сохранять embeddings и результаты поиска. Эта заметка посвящена метаданные, хранение и практическим решениям хранения. Запись выглядит как рабочий фрагмент личной базы знаний, а не как готовая статья.",databases,synthetic_pkm_ru
97,Схема базы данных для PKM-прототипа #7,"Для исследовательского прототипа достаточно CSV, но база данных поможет масштабировать эксперименты. В заметке описаны SQLite, хранение и метаданные поиска. Эту заметку можно использовать в эксперименте по качеству поиска.",databases,synthetic_pkm_ru
98,Идея хранения векторного индекса #8,"В будущей версии можно сохранять embeddings и результаты поиска. Эта заметка посвящена SQLite, индексы и практическим решениям хранения. В тексте достаточно контекста, чтобы semantic search мог найти смысловую связь.",databases,synthetic_pkm_ru
99,Идея хранения векторного индекса #9,"В будущей версии можно сохранять embeddings и результаты поиска. Эта заметка посвящена SQLite, хранение и практическим решениям хранения. Запись выглядит как рабочий фрагмент личной базы знаний, а не как готовая статья.",databases,synthetic_pkm_ru
100,SQLite для хранения заметок #10,"Для исследовательского прототипа достаточно CSV, но база данных поможет масштабировать эксперименты. В заметке описаны схема, метаданные и метаданные поиска. В тексте достаточно контекста, чтобы semantic search мог найти смысловую связь.",databases,synthetic_pkm_ru
101,Идея хранения векторного индекса #11,"Простой слой данных может хранить id заметки, заголовок, текст, категорию и теги. Здесь упоминаются индексы, метаданные и будущая работа с векторами. В тексте достаточно контекста, чтобы semantic search мог найти смысловую связь.",databases,synthetic_pkm_ru
102,Схема базы данных для PKM-прототипа #12,"Для исследовательского прототипа достаточно CSV, но база данных поможет масштабировать эксперименты. В заметке описаны хранение, индексы и метаданные поиска. Запись выглядит как рабочий фрагмент личной базы знаний, а не как готовая статья.",databases,synthetic_pkm_ru
103,Схема базы данных для PKM-прототипа #13,"В будущей версии можно сохранять embeddings и результаты поиска. Эта заметка посвящена схема, метаданные и практическим решениям хранения. Формат специально короткий, похожий на реальную заметку в PKM-системе.",databases,synthetic_pkm_ru
104,SQLite для хранения заметок #14,"В будущей версии можно сохранять embeddings и результаты поиска. Эта заметка посвящена метаданные, хранение и практическим решениям хранения. Запись выглядит как рабочий фрагмент личной базы знаний, а не как готовая статья.",databases,synthetic_pkm_ru
105,Проектирование таблицы метаданных #15,"В будущей версии можно сохранять embeddings и результаты поиска. Эта заметка посвящена индексы, метаданные и практическим решениям хранения. Эту заметку можно использовать в эксперименте по качеству поиска.",databases,synthetic_pkm_ru
106,Схема базы данных для PKM-прототипа #16,"В будущей версии можно сохранять embeddings и результаты поиска. Эта заметка посвящена схема, хранение и практическим решениям хранения. В тексте достаточно контекста, чтобы semantic search мог найти смысловую связь.",databases,synthetic_pkm_ru
107,Идея хранения векторного индекса #17,"Для исследовательского прототипа достаточно CSV, но база данных поможет масштабировать эксперименты. В заметке описаны схема, метаданные и метаданные поиска. Эту заметку можно использовать в эксперименте по качеству поиска.",databases,synthetic_pkm_ru
108,Проектирование таблицы метаданных #18,"Для исследовательского прототипа достаточно CSV, но база данных поможет масштабировать эксперименты. В заметке описаны SQLite, индексы и метаданные поиска. Запись выглядит как рабочий фрагмент личной базы знаний, а не как готовая статья.",databases,synthetic_pkm_ru
109,Проектирование таблицы метаданных #19,"Для исследовательского прототипа достаточно CSV, но база данных поможет масштабировать эксперименты. В заметке описаны индексы, SQLite и метаданные поиска. Запись выглядит как рабочий фрагмент личной базы знаний, а не как готовая статья.",databases,synthetic_pkm_ru
110,SQLite для хранения заметок #20,"Простой слой данных может хранить id заметки, заголовок, текст, категорию и теги. Здесь упоминаются индексы, метаданные и будущая работа с векторами. Формат специально короткий, похожий на реальную заметку в PKM-системе.",databases,synthetic_pkm_ru
111,SQLite для хранения заметок #21,"В будущей версии можно сохранять embeddings и результаты поиска. Эта заметка посвящена хранение, SQLite и практическим решениям хранения. Формат специально короткий, похожий на реальную заметку в PKM-системе.",databases,synthetic_pkm_ru
112,SQLite для хранения заметок #22,"Для исследовательского прототипа достаточно CSV, но база данных поможет масштабировать эксперименты. В заметке описаны SQLite, хранение и метаданные поиска. Запись выглядит как рабочий фрагмент личной базы знаний, а не как готовая статья.",databases,synthetic_pkm_ru
113,Схема базы данных для PKM-прототипа #23,"В будущей версии можно сохранять embeddings и результаты поиска. Эта заметка посвящена схема, SQLite и практическим решениям хранения. В тексте достаточно контекста, чтобы semantic search мог найти смысловую связь.",databases,synthetic_pkm_ru
114,Идея хранения векторного индекса #24,"Простой слой данных может хранить id заметки, заголовок, текст, категорию и теги. Здесь упоминаются SQLite, схема и будущая работа с векторами. Формат специально короткий, похожий на реальную заметку в PKM-системе.",databases,synthetic_pkm_ru
115,SQLite для хранения заметок #25,"Простой слой данных может хранить id заметки, заголовок, текст, категорию и теги. Здесь упоминаются хранение, SQLite и будущая работа с векторами. Формат специально короткий, похожий на реальную заметку в PKM-системе.",databases,synthetic_pkm_ru
116,Проектирование таблицы метаданных #26,"В будущей версии можно сохранять embeddings и результаты поиска. Эта заметка посвящена метаданные, хранение и практическим решениям хранения. Формат специально короткий, похожий на реальную заметку в PKM-системе.",databases,synthetic_pkm_ru
117,Идея хранения векторного индекса #27,"Для исследовательского прототипа достаточно CSV, но база данных поможет масштабировать эксперименты. В заметке описаны SQLite, хранение и метаданные поиска. Эту заметку можно использовать в эксперименте по качеству поиска.",databases,synthetic_pkm_ru
118,Идея хранения векторного индекса #28,"Для исследовательского прототипа достаточно CSV, но база данных поможет масштабировать эксперименты. В заметке описаны метаданные, хранение и метаданные поиска. Запись выглядит как рабочий фрагмент личной базы знаний, а не как готовая статья.",databases,synthetic_pkm_ru
119,SQLite для хранения заметок #29,"Для исследовательского прототипа достаточно CSV, но база данных поможет масштабировать эксперименты. В заметке описаны схема, SQLite и метаданные поиска. Формат специально короткий, похожий на реальную заметку в PKM-системе.",databases,synthetic_pkm_ru
120,Схема базы данных для PKM-прототипа #30,"Простой слой данных может хранить id заметки, заголовок, текст, категорию и теги. Здесь упоминаются хранение, метаданные и будущая работа с векторами. Запись выглядит как рабочий фрагмент личной базы знаний, а не как готовая статья.",databases,synthetic_pkm_ru
121,Метрики для экспериментов поиска #1,"Ручная разметка релевантности делает оценку поиска воспроизводимой. В заметке фиксируются Recall@K, Precision@K и ограничения датасета. Эту заметку можно использовать в эксперименте по качеству поиска.",research_methods,synthetic_pkm_ru
122,План оценки качества поиска #2,"Ручная разметка релевантности делает оценку поиска воспроизводимой. В заметке фиксируются разметка релевантности, nDCG@K и ограничения датасета. Формат специально короткий, похожий на реальную заметку в PKM-системе.",research_methods,synthetic_pkm_ru
123,Ручная разметка релевантности #3,"Эксперимент сравнивает два метода поиска с помощью MRR, разметка релевантности и набора размеченных информационных потребностей. В тексте достаточно контекста, чтобы semantic search мог найти смысловую связь.",research_methods,synthetic_pkm_ru
124,План оценки качества поиска #4,"В методологической главе нужно объяснить, как Precision@K и MRR отражают качество поиска в контексте личных заметок. Запись выглядит как рабочий фрагмент личной базы знаний, а не как готовая статья.",research_methods,synthetic_pkm_ru
125,Заметка по методологии исследования #5,"В методологической главе нужно объяснить, как Precision@K и nDCG@K отражают качество поиска в контексте личных заметок. В тексте достаточно контекста, чтобы semantic search мог найти смысловую связь.",research_methods,synthetic_pkm_ru
126,Метрики для экспериментов поиска #6,"Эксперимент сравнивает два метода поиска с помощью Recall@K, nDCG@K и набора размеченных информационных потребностей. Формат специально короткий, похожий на реальную заметку в PKM-системе.",research_methods,synthetic_pkm_ru
127,Заметка по методологии исследования #7,"В методологической главе нужно объяснить, как разметка релевантности и nDCG@K отражают качество поиска в контексте личных заметок. В тексте достаточно контекста, чтобы semantic search мог найти смысловую связь.",research_methods,synthetic_pkm_ru
128,План оценки качества поиска #8,"Ручная разметка релевантности делает оценку поиска воспроизводимой. В заметке фиксируются nDCG@K, разметка релевантности и ограничения датасета. Эту заметку можно использовать в эксперименте по качеству поиска.",research_methods,synthetic_pkm_ru
129,Метрики для экспериментов поиска #9,"Ручная разметка релевантности делает оценку поиска воспроизводимой. В заметке фиксируются разметка релевантности, MRR и ограничения датасета. Запись выглядит как рабочий фрагмент личной базы знаний, а не как готовая статья.",research_methods,synthetic_pkm_ru
130,Ручная разметка релевантности #10,"Эксперимент сравнивает два метода поиска с помощью Precision@K, MRR и набора размеченных информационных потребностей. Запись выглядит как рабочий фрагмент личной базы знаний, а не как готовая статья.",research_methods,synthetic_pkm_ru
131,Метрики для экспериментов поиска #11,"В методологической главе нужно объяснить, как Precision@K и Recall@K отражают качество поиска в контексте личных заметок. Запись выглядит как рабочий фрагмент личной базы знаний, а не как готовая статья.",research_methods,synthetic_pkm_ru
132,Заметка по методологии исследования #12,"Ручная разметка релевантности делает оценку поиска воспроизводимой. В заметке фиксируются Recall@K, MRR и ограничения датасета. Эту заметку можно использовать в эксперименте по качеству поиска.",research_methods,synthetic_pkm_ru
133,Ручная разметка релевантности #13,"В методологической главе нужно объяснить, как разметка релевантности и MRR отражают качество поиска в контексте личных заметок. Эту заметку можно использовать в эксперименте по качеству поиска.",research_methods,synthetic_pkm_ru
134,План оценки качества поиска #14,"В методологической главе нужно объяснить, как Recall@K и разметка релевантности отражают качество поиска в контексте личных заметок. Формат специально короткий, похожий на реальную заметку в PKM-системе.",research_methods,synthetic_pkm_ru
135,План оценки качества поиска #15,"Ручная разметка релевантности делает оценку поиска воспроизводимой. В заметке фиксируются Precision@K, Recall@K и ограничения датасета. Формат специально короткий, похожий на реальную заметку в PKM-системе.",research_methods,synthetic_pkm_ru
136,Заметка по методологии исследования #16,"Ручная разметка релевантности делает оценку поиска воспроизводимой. В заметке фиксируются nDCG@K, Precision@K и ограничения датасета. Формат специально короткий, похожий на реальную заметку в PKM-системе.",research_methods,synthetic_pkm_ru
137,План оценки качества поиска #17,"Эксперимент сравнивает два метода поиска с помощью nDCG@K, Precision@K и набора размеченных информационных потребностей. Запись выглядит как рабочий фрагмент личной базы знаний, а не как готовая статья.",research_methods,synthetic_pkm_ru
138,Метрики для экспериментов поиска #18,"Ручная разметка релевантности делает оценку поиска воспроизводимой. В заметке фиксируются Precision@K, Recall@K и ограничения датасета. Запись выглядит как рабочий фрагмент личной базы знаний, а не как готовая статья.",research_methods,synthetic_pkm_ru
139,Метрики для экспериментов поиска #19,"Эксперимент сравнивает два метода поиска с помощью MRR, Recall@K и набора размеченных информационных потребностей. Запись выглядит как рабочий фрагмент личной базы знаний, а не как готовая статья.",research_methods,synthetic_pkm_ru
140,Ручная разметка релевантности #20,"Эксперимент сравнивает два метода поиска с помощью nDCG@K, MRR и набора размеченных информационных потребностей. Формат специально короткий, похожий на реальную заметку в PKM-системе.",research_methods,synthetic_pkm_ru
141,Метрики для экспериментов поиска #21,"Эксперимент сравнивает два метода поиска с помощью Precision@K, nDCG@K и набора размеченных информационных потребностей. В тексте достаточно контекста, чтобы semantic search мог найти смысловую связь.",research_methods,synthetic_pkm_ru
142,План оценки качества поиска #22,"В методологической главе нужно объяснить, как Recall@K и nDCG@K отражают качество поиска в контексте личных заметок. Эту заметку можно использовать в эксперименте по качеству поиска.",research_methods,synthetic_pkm_ru
143,Метрики для экспериментов поиска #23,"В методологической главе нужно объяснить, как MRR и разметка релевантности отражают качество поиска в контексте личных заметок. В тексте достаточно контекста, чтобы semantic search мог найти смысловую связь.",research_methods,synthetic_pkm_ru
144,План оценки качества поиска #24,"Ручная разметка релевантности делает оценку поиска воспроизводимой. В заметке фиксируются nDCG@K, MRR и ограничения датасета. В тексте достаточно контекста, чтобы semantic search мог найти смысловую связь.",research_methods,synthetic_pkm_ru
145,План оценки качества поиска #25,"Эксперимент сравнивает два метода поиска с помощью разметка релевантности, Precision@K и набора размеченных информационных потребностей. В тексте достаточно контекста, чтобы semantic search мог найти смысловую связь.",research_methods,synthetic_pkm_ru
146,Заметка по методологии исследования #26,"Эксперимент сравнивает два метода поиска с помощью nDCG@K, Recall@K и набора размеченных информационных потребностей. В тексте достаточно контекста, чтобы semantic search мог найти смысловую связь.",research_methods,synthetic_pkm_ru
147,Заметка по методологии исследования #27,"В методологической главе нужно объяснить, как Precision@K и Recall@K отражают качество поиска в контексте личных заметок. Формат специально короткий, похожий на реальную заметку в PKM-системе.",research_methods,synthetic_pkm_ru
148,Заметка по методологии исследования #28,"Эксперимент сравнивает два метода поиска с помощью Recall@K, разметка релевантности и набора размеченных информационных потребностей. Эту заметку можно использовать в эксперименте по качеству поиска.",research_methods,synthetic_pkm_ru
149,План оценки качества поиска #29,"В методологической главе нужно объяснить, как Precision@K и MRR отражают качество поиска в контексте личных заметок. Запись выглядит как рабочий фрагмент личной базы знаний, а не как готовая статья.",research_methods,synthetic_pkm_ru
150,План оценки качества поиска #30,"В методологической главе нужно объяснить, как MRR и nDCG@K отражают качество поиска в контексте личных заметок. Эту заметку можно использовать в эксперименте по качеству поиска.",research_methods,synthetic_pkm_ru
151,Личный workflow управления знаниями #1,"Заметки о продуктивности не должны превращаться в тяжелую систему управления проектами. Фокус на workflow, еженедельный обзор и привычках обзора. Запись выглядит как рабочий фрагмент личной базы знаний, а не как готовая статья.",productivity,synthetic_pkm_ru
152,Еженедельный обзор заметок #2,"Заметки о продуктивности не должны превращаться в тяжелую систему управления проектами. Фокус на workflow, фокус и привычках обзора. Эту заметку можно использовать в эксперименте по качеству поиска.",productivity,synthetic_pkm_ru
153,Личный workflow управления знаниями #3,"Заметки о продуктивности не должны превращаться в тяжелую систему управления проектами. Фокус на workflow, фиксация задач и привычках обзора. Запись выглядит как рабочий фрагмент личной базы знаний, а не как готовая статья.",productivity,synthetic_pkm_ru
154,Еженедельный обзор заметок #4,"Полезная PKM-система помогает заново находить старые идеи во время еженедельного обзора. Здесь описаны workflow, фокус и простые ритуалы. Запись выглядит как рабочий фрагмент личной базы знаний, а не как готовая статья.",productivity,synthetic_pkm_ru
155,Фиксация задач внутри заметок #5,"Заметки о продуктивности не должны превращаться в тяжелую систему управления проектами. Фокус на фиксация задач, личная продуктивность и привычках обзора. Формат специально короткий, похожий на реальную заметку в PKM-системе.",productivity,synthetic_pkm_ru
156,Личный workflow управления знаниями #6,"Прототип должен поддерживать мышление и вспоминание. В заметке рассматриваются личная продуктивность, еженедельный обзор и связь задач с исследовательскими идеями. Формат специально короткий, похожий на реальную заметку в PKM-системе.",productivity,synthetic_pkm_ru
157,Еженедельный обзор заметок #7,"Прототип должен поддерживать мышление и вспоминание. В заметке рассматриваются личная продуктивность, фокус и связь задач с исследовательскими идеями. В тексте достаточно контекста, чтобы semantic search мог найти смысловую связь.",productivity,synthetic_pkm_ru
158,Фиксация задач внутри заметок #8,"Прототип должен поддерживать мышление и вспоминание. В заметке рассматриваются личная продуктивность, еженедельный обзор и связь задач с исследовательскими идеями. Формат специально короткий, похожий на реальную заметку в PKM-системе.",productivity,synthetic_pkm_ru
159,Личный workflow управления знаниями #9,"Заметки о продуктивности не должны превращаться в тяжелую систему управления проектами. Фокус на фиксация задач, workflow и привычках обзора. В тексте достаточно контекста, чтобы semantic search мог найти смысловую связь.",productivity,synthetic_pkm_ru
160,Как уменьшить трение в PKM #10,"Прототип должен поддерживать мышление и вспоминание. В заметке рассматриваются еженедельный обзор, личная продуктивность и связь задач с исследовательскими идеями. В тексте достаточно контекста, чтобы semantic search мог найти смысловую связь.",productivity,synthetic_pkm_ru
161,Еженедельный обзор заметок #11,"Заметки о продуктивности не должны превращаться в тяжелую систему управления проектами. Фокус на фиксация задач, фокус и привычках обзора. Формат специально короткий, похожий на реальную заметку в PKM-системе.",productivity,synthetic_pkm_ru
162,Фиксация задач внутри заметок #12,"Прототип должен поддерживать мышление и вспоминание. В заметке рассматриваются фокус, личная продуктивность и связь задач с исследовательскими идеями. В тексте достаточно контекста, чтобы semantic search мог найти смысловую связь.",productivity,synthetic_pkm_ru
163,Фиксация задач внутри заметок #13,"Прототип должен поддерживать мышление и вспоминание. В заметке рассматриваются еженедельный обзор, фокус и связь задач с исследовательскими идеями. Запись выглядит как рабочий фрагмент личной базы знаний, а не как готовая статья.",productivity,synthetic_pkm_ru
164,Как уменьшить трение в PKM #14,"Полезная PKM-система помогает заново находить старые идеи во время еженедельного обзора. Здесь описаны личная продуктивность, еженедельный обзор и простые ритуалы. Запись выглядит как рабочий фрагмент личной базы знаний, а не как готовая статья.",productivity,synthetic_pkm_ru
165,Личный workflow управления знаниями #15,"Заметки о продуктивности не должны превращаться в тяжелую систему управления проектами. Фокус на workflow, фокус и привычках обзора. Эту заметку можно использовать в эксперименте по качеству поиска.",productivity,synthetic_pkm_ru
166,Личный workflow управления знаниями #16,"Заметки о продуктивности не должны превращаться в тяжелую систему управления проектами. Фокус на еженедельный обзор, workflow и привычках обзора. Запись выглядит как рабочий фрагмент личной базы знаний, а не как готовая статья.",productivity,synthetic_pkm_ru
167,Еженедельный обзор заметок #17,"Заметки о продуктивности не должны превращаться в тяжелую систему управления проектами. Фокус на еженедельный обзор, фиксация задач и привычках обзора. Формат специально короткий, похожий на реальную заметку в PKM-системе.",productivity,synthetic_pkm_ru
168,Как уменьшить трение в PKM #18,"Прототип должен поддерживать мышление и вспоминание. В заметке рассматриваются фиксация задач, личная продуктивность и связь задач с исследовательскими идеями. Формат специально короткий, похожий на реальную заметку в PKM-системе.",productivity,synthetic_pkm_ru
169,Еженедельный обзор заметок #19,"Полезная PKM-система помогает заново находить старые идеи во время еженедельного обзора. Здесь описаны еженедельный обзор, личная продуктивность и простые ритуалы. Эту заметку можно использовать в эксперименте по качеству поиска.",productivity,synthetic_pkm_ru
170,Фиксация задач внутри заметок #20,"Полезная PKM-система помогает заново находить старые идеи во время еженедельного обзора. Здесь описаны личная продуктивность, еженедельный обзор и простые ритуалы. Формат специально короткий, похожий на реальную заметку в PKM-системе.",productivity,synthetic_pkm_ru
171,Личный workflow управления знаниями #21,"Прототип должен поддерживать мышление и вспоминание. В заметке рассматриваются личная продуктивность, фиксация задач и связь задач с исследовательскими идеями. Запись выглядит как рабочий фрагмент личной базы знаний, а не как готовая статья.",productivity,synthetic_pkm_ru
172,Еженедельный обзор заметок #22,"Прототип должен поддерживать мышление и вспоминание. В заметке рассматриваются личная продуктивность, фокус и связь задач с исследовательскими идеями. Эту заметку можно использовать в эксперименте по качеству поиска.",productivity,synthetic_pkm_ru
173,Фиксация задач внутри заметок #23,"Прототип должен поддерживать мышление и вспоминание. В заметке рассматриваются еженедельный обзор, workflow и связь задач с исследовательскими идеями. Формат специально короткий, похожий на реальную заметку в PKM-системе.",productivity,synthetic_pkm_ru
174,Еженедельный обзор заметок #24,"Заметки о продуктивности не должны превращаться в тяжелую систему управления проектами. Фокус на личная продуктивность, фокус и привычках обзора. Эту заметку можно использовать в эксперименте по качеству поиска.",productivity,synthetic_pkm_ru
175,Еженедельный обзор заметок #25,"Заметки о продуктивности не должны превращаться в тяжелую систему управления проектами. Фокус на еженедельный обзор, личная продуктивность и привычках обзора. Эту заметку можно использовать в эксперименте по качеству поиска.",productivity,synthetic_pkm_ru
176,Еженедельный обзор заметок #26,"Прототип должен поддерживать мышление и вспоминание. В заметке рассматриваются личная продуктивность, еженедельный обзор и связь задач с исследовательскими идеями. Запись выглядит как рабочий фрагмент личной базы знаний, а не как готовая статья.",productivity,synthetic_pkm_ru
177,Как уменьшить трение в PKM #27,"Полезная PKM-система помогает заново находить старые идеи во время еженедельного обзора. Здесь описаны еженедельный обзор, фиксация задач и простые ритуалы. Запись выглядит как рабочий фрагмент личной базы знаний, а не как готовая статья.",productivity,synthetic_pkm_ru
178,Еженедельный обзор заметок #28,"Полезная PKM-система помогает заново находить старые идеи во время еженедельного обзора. Здесь описаны личная продуктивность, фокус и простые ритуалы. Запись выглядит как рабочий фрагмент личной базы знаний, а не как готовая статья.",productivity,synthetic_pkm_ru
179,Фиксация задач внутри заметок #29,"Прототип должен поддерживать мышление и вспоминание. В заметке рассматриваются фиксация задач, workflow и связь задач с исследовательскими идеями. Формат специально короткий, похожий на реальную заметку в PKM-системе.",productivity,synthetic_pkm_ru
180,Личный workflow управления знаниями #30,"Полезная PKM-система помогает заново находить старые идеи во время еженедельного обзора. Здесь описаны еженедельный обзор, фокус и простые ритуалы. Формат специально короткий, похожий на реальную заметку в PKM-системе.",productivity,synthetic_pkm_ru
181,Как сохранить прототип модульным #1,"Исследовательскому коду полезны простые границы. Здесь фокус на чистый код, архитектура и отказе от лишней backend-сложности. В тексте достаточно контекста, чтобы semantic search мог найти смысловую связь.",software_architecture,synthetic_pkm_ru
182,Простая структура модулей #2,"Исследовательскому коду полезны простые границы. Здесь фокус на граница API, чистый код и отказе от лишней backend-сложности. Эту заметку можно использовать в эксперименте по качеству поиска.",software_architecture,synthetic_pkm_ru
183,Архитектура без переусложнения #3,"Приложение может оставаться небольшим и при этом быть пригодным для экспериментов. В заметке упоминаются граница API, Streamlit и структура модулей. В тексте достаточно контекста, чтобы semantic search мог найти смысловую связь.",software_architecture,synthetic_pkm_ru
184,Граница API для поиска #4,"Прототип должен разделять загрузку данных, поиск, тегирование и оценку. В заметке описаны граница API, модули и читаемость кода. Эту заметку можно использовать в эксперименте по качеству поиска.",software_architecture,synthetic_pkm_ru
185,Архитектура без переусложнения #5,"Прототип должен разделять загрузку данных, поиск, тегирование и оценку. В заметке описаны граница API, модули и читаемость кода. В тексте достаточно контекста, чтобы semantic search мог найти смысловую связь.",software_architecture,synthetic_pkm_ru
186,Граница API для поиска #6,"Исследовательскому коду полезны простые границы. Здесь фокус на граница API, модули и отказе от лишней backend-сложности. Запись выглядит как рабочий фрагмент личной базы знаний, а не как готовая статья.",software_architecture,synthetic_pkm_ru
187,Архитектура без переусложнения #7,"Исследовательскому коду полезны простые границы. Здесь фокус на граница API, модули и отказе от лишней backend-сложности. Формат специально короткий, похожий на реальную заметку в PKM-системе.",software_architecture,synthetic_pkm_ru
188,Как сохранить прототип модульным #8,"Приложение может оставаться небольшим и при этом быть пригодным для экспериментов. В заметке упоминаются Streamlit, архитектура и структура модулей. Формат специально короткий, похожий на реальную заметку в PKM-системе.",software_architecture,synthetic_pkm_ru
189,Простая структура модулей #9,"Приложение может оставаться небольшим и при этом быть пригодным для экспериментов. В заметке упоминаются граница API, чистый код и структура модулей. Формат специально короткий, похожий на реальную заметку в PKM-системе.",software_architecture,synthetic_pkm_ru
190,Простая структура модулей #10,"Прототип должен разделять загрузку данных, поиск, тегирование и оценку. В заметке описаны архитектура, чистый код и читаемость кода. В тексте достаточно контекста, чтобы semantic search мог найти смысловую связь.",software_architecture,synthetic_pkm_ru
191,Граница API для поиска #11,"Исследовательскому коду полезны простые границы. Здесь фокус на Streamlit, модули и отказе от лишней backend-сложности. Запись выглядит как рабочий фрагмент личной базы знаний, а не как готовая статья.",software_architecture,synthetic_pkm_ru
192,Как сохранить прототип модульным #12,"Приложение может оставаться небольшим и при этом быть пригодным для экспериментов. В заметке упоминаются модули, чистый код и структура модулей. Запись выглядит как рабочий фрагмент личной базы знаний, а не как готовая статья.",software_architecture,synthetic_pkm_ru
193,Простая структура модулей #13,"Исследовательскому коду полезны простые границы. Здесь фокус на чистый код, архитектура и отказе от лишней backend-сложности. Запись выглядит как рабочий фрагмент личной базы знаний, а не как готовая статья.",software_architecture,synthetic_pkm_ru
194,Архитектура без переусложнения #14,"Прототип должен разделять загрузку данных, поиск, тегирование и оценку. В заметке описаны Streamlit, архитектура и читаемость кода. Формат специально короткий, похожий на реальную заметку в PKM-системе.",software_architecture,synthetic_pkm_ru
195,Простая структура модулей #15,"Прототип должен разделять загрузку данных, поиск, тегирование и оценку. В заметке описаны граница API, чистый код и читаемость кода. Эту заметку можно использовать в эксперименте по качеству поиска.",software_architecture,synthetic_pkm_ru
196,Простая структура модулей #16,"Приложение может оставаться небольшим и при этом быть пригодным для экспериментов. В заметке упоминаются Streamlit, граница API и структура модулей. Запись выглядит как рабочий фрагмент личной базы знаний, а не как готовая статья.",software_architecture,synthetic_pkm_ru
197,Граница API для поиска #17,"Прототип должен разделять загрузку данных, поиск, тегирование и оценку. В заметке описаны модули, граница API и читаемость кода. В тексте достаточно контекста, чтобы semantic search мог найти смысловую связь.",software_architecture,synthetic_pkm_ru
198,Граница API для поиска #18,"Исследовательскому коду полезны простые границы. Здесь фокус на граница API, чистый код и отказе от лишней backend-сложности. Эту заметку можно использовать в эксперименте по качеству поиска.",software_architecture,synthetic_pkm_ru
199,Архитектура без переусложнения #19,"Исследовательскому коду полезны простые границы. Здесь фокус на Streamlit, граница API и отказе от лишней backend-сложности. В тексте достаточно контекста, чтобы semantic search мог найти смысловую связь.",software_architecture,synthetic_pkm_ru
200,Простая структура модулей #20,"Прототип должен разделять загрузку данных, поиск, тегирование и оценку. В заметке описаны чистый код, граница API и читаемость кода. Формат специально короткий, похожий на реальную заметку в PKM-системе.",software_architecture,synthetic_pkm_ru
201,Граница API для поиска #21,"Исследовательскому коду полезны простые границы. Здесь фокус на граница API, модули и отказе от лишней backend-сложности. Эту заметку можно использовать в эксперименте по качеству поиска.",software_architecture,synthetic_pkm_ru
202,Как сохранить прототип модульным #22,"Прототип должен разделять загрузку данных, поиск, тегирование и оценку. В заметке описаны чистый код, архитектура и читаемость кода. В тексте достаточно контекста, чтобы semantic search мог найти смысловую связь.",software_architecture,synthetic_pkm_ru
203,Архитектура без переусложнения #23,"Прототип должен разделять загрузку данных, поиск, тегирование и оценку. В заметке описаны чистый код, граница API и читаемость кода. В тексте достаточно контекста, чтобы semantic search мог найти смысловую связь.",software_architecture,synthetic_pkm_ru
204,Простая структура модулей #24,"Исследовательскому коду полезны простые границы. Здесь фокус на модули, чистый код и отказе от лишней backend-сложности. В тексте достаточно контекста, чтобы semantic search мог найти смысловую связь.",software_architecture,synthetic_pkm_ru
205,Как сохранить прототип модульным #25,"Приложение может оставаться небольшим и при этом быть пригодным для экспериментов. В заметке упоминаются граница API, модули и структура модулей. В тексте достаточно контекста, чтобы semantic search мог найти смысловую связь.",software_architecture,synthetic_pkm_ru
206,Архитектура без переусложнения #26,"Приложение может оставаться небольшим и при этом быть пригодным для экспериментов. В заметке упоминаются модули, граница API и структура модулей. Формат специально короткий, похожий на реальную заметку в PKM-системе.",software_architecture,synthetic_pkm_ru
207,Простая структура модулей #27,"Исследовательскому коду полезны простые границы. Здесь фокус на граница API, Streamlit и отказе от лишней backend-сложности. Эту заметку можно использовать в эксперименте по качеству поиска.",software_architecture,synthetic_pkm_ru
208,Граница API для поиска #28,"Исследовательскому коду полезны простые границы. Здесь фокус на архитектура, чистый код и отказе от лишней backend-сложности. В тексте достаточно контекста, чтобы semantic search мог найти смысловую связь.",software_architecture,synthetic_pkm_ru
209,Архитектура без переусложнения #29,"Исследовательскому коду полезны простые границы. Здесь фокус на Streamlit, граница API и отказе от лишней backend-сложности. Формат специально короткий, похожий на реальную заметку в PKM-системе.",software_architecture,synthetic_pkm_ru
210,Простая структура модулей #30,"Прототип должен разделять загрузку данных, поиск, тегирование и оценку. В заметке описаны граница API, Streamlit и читаемость кода. Запись выглядит как рабочий фрагмент личной базы знаний, а не как готовая статья.",software_architecture,synthetic_pkm_ru
211,Идея автоматического резюме #1,"Результаты поиска легче просматривать, если у каждой заметки есть короткое резюме. Здесь рассматриваются preview, короткое описание и будущая поддержка LLM. Эту заметку можно использовать в эксперименте по качеству поиска.",summarization,synthetic_pkm_ru
212,Идея автоматического резюме #2,"Результаты поиска легче просматривать, если у каждой заметки есть короткое резюме. Здесь рассматриваются короткое описание, LLM и будущая поддержка LLM. Формат специально короткий, похожий на реальную заметку в PKM-системе.",summarization,synthetic_pkm_ru
213,Сжатие длинных исследовательских заметок #3,"Сгенерированное краткое описание помогает понять, стоит ли открывать заметку полностью. Здесь собраны идеи про preview, суммаризация и интерфейс. Эту заметку можно использовать в эксперименте по качеству поиска.",summarization,synthetic_pkm_ru
214,Краткие описания результатов поиска #4,"Суммаризация не нужна для первого прототипа, но может улучшить просмотр выдачи. В заметке описаны LLM, preview и preview заметок. Формат специально короткий, похожий на реальную заметку в PKM-системе.",summarization,synthetic_pkm_ru
215,Сжатие длинных исследовательских заметок #5,"Результаты поиска легче просматривать, если у каждой заметки есть короткое резюме. Здесь рассматриваются LLM, суммаризация и будущая поддержка LLM. В тексте достаточно контекста, чтобы semantic search мог найти смысловую связь.",summarization,synthetic_pkm_ru
216,Сжатие длинных исследовательских заметок #6,"Результаты поиска легче просматривать, если у каждой заметки есть короткое резюме. Здесь рассматриваются preview, короткое описание и будущая поддержка LLM. Формат специально короткий, похожий на реальную заметку в PKM-системе.",summarization,synthetic_pkm_ru
217,Идея автоматического резюме #7,"Результаты поиска легче просматривать, если у каждой заметки есть короткое резюме. Здесь рассматриваются суммаризация, короткое описание и будущая поддержка LLM. Эту заметку можно использовать в эксперименте по качеству поиска.",summarization,synthetic_pkm_ru
218,Идея автоматического резюме #8,"Результаты поиска легче просматривать, если у каждой заметки есть короткое резюме. Здесь рассматриваются LLM, короткое описание и будущая поддержка LLM. Запись выглядит как рабочий фрагмент личной базы знаний, а не как готовая статья.",summarization,synthetic_pkm_ru
219,Сжатие длинных исследовательских заметок #9,"Результаты поиска легче просматривать, если у каждой заметки есть короткое резюме. Здесь рассматриваются суммаризация, preview и будущая поддержка LLM. Формат специально короткий, похожий на реальную заметку в PKM-системе.",summarization,synthetic_pkm_ru
220,Краткие описания результатов поиска #10,"Суммаризация не нужна для первого прототипа, но может улучшить просмотр выдачи. В заметке описаны preview, короткое описание и preview заметок. Эту заметку можно использовать в эксперименте по качеству поиска.",summarization,synthetic_pkm_ru
221,Генерация preview для заметок #11,"Сгенерированное краткое описание помогает понять, стоит ли открывать заметку полностью. Здесь собраны идеи про preview, LLM и интерфейс. Эту заметку можно использовать в эксперименте по качеству поиска.",summarization,synthetic_pkm_ru
222,Краткие описания результатов поиска #12,"Сгенерированное краткое описание помогает понять, стоит ли открывать заметку полностью. Здесь собраны идеи про короткое описание, краткое резюме и интерфейс. Эту заметку можно использовать в эксперименте по качеству поиска.",summarization,synthetic_pkm_ru
223,Генерация preview для заметок #13,"Результаты поиска легче просматривать, если у каждой заметки есть короткое резюме. Здесь рассматриваются LLM, preview и будущая поддержка LLM. Запись выглядит как рабочий фрагмент личной базы знаний, а не как готовая статья.",summarization,synthetic_pkm_ru
224,Идея автоматического резюме #14,"Суммаризация не нужна для первого прототипа, но может улучшить просмотр выдачи. В заметке описаны суммаризация, LLM и preview заметок. Эту заметку можно использовать в эксперименте по качеству поиска.",summarization,synthetic_pkm_ru
225,Идея автоматического резюме #15,"Суммаризация не нужна для первого прототипа, но может улучшить просмотр выдачи. В заметке описаны суммаризация, краткое резюме и preview заметок. Эту заметку можно использовать в эксперименте по качеству поиска.",summarization,synthetic_pkm_ru
226,Сжатие длинных исследовательских заметок #16,"Сгенерированное краткое описание помогает понять, стоит ли открывать заметку полностью. Здесь собраны идеи про короткое описание, preview и интерфейс. Формат специально короткий, похожий на реальную заметку в PKM-системе.",summarization,synthetic_pkm_ru
227,Краткие описания результатов поиска #17,"Сгенерированное краткое описание помогает понять, стоит ли открывать заметку полностью. Здесь собраны идеи про LLM, короткое описание и интерфейс. Эту заметку можно использовать в эксперименте по качеству поиска.",summarization,synthetic_pkm_ru
228,Генерация preview для заметок #18,"Сгенерированное краткое описание помогает понять, стоит ли открывать заметку полностью. Здесь собраны идеи про preview, LLM и интерфейс. Запись выглядит как рабочий фрагмент личной базы знаний, а не как готовая статья.",summarization,synthetic_pkm_ru
229,Идея автоматического резюме #19,"Сгенерированное краткое описание помогает понять, стоит ли открывать заметку полностью. Здесь собраны идеи про LLM, короткое описание и интерфейс. В тексте достаточно контекста, чтобы semantic search мог найти смысловую связь.",summarization,synthetic_pkm_ru
230,Сжатие длинных исследовательских заметок #20,"Суммаризация не нужна для первого прототипа, но может улучшить просмотр выдачи. В заметке описаны LLM, preview и preview заметок. Формат специально короткий, похожий на реальную заметку в PKM-системе.",summarization,synthetic_pkm_ru
231,Сжатие длинных исследовательских заметок #21,"Суммаризация не нужна для первого прототипа, но может улучшить просмотр выдачи. В заметке описаны суммаризация, короткое описание и preview заметок. В тексте достаточно контекста, чтобы semantic search мог найти смысловую связь.",summarization,synthetic_pkm_ru
232,Идея автоматического резюме #22,"Суммаризация не нужна для первого прототипа, но может улучшить просмотр выдачи. В заметке описаны LLM, суммаризация и preview заметок. Формат специально короткий, похожий на реальную заметку в PKM-системе.",summarization,synthetic_pkm_ru
233,Генерация preview для заметок #23,"Сгенерированное краткое описание помогает понять, стоит ли открывать заметку полностью. Здесь собраны идеи про суммаризация, LLM и интерфейс. Формат специально короткий, похожий на реальную заметку в PKM-системе.",summarization,synthetic_pkm_ru
234,Краткие описания результатов поиска #24,"Суммаризация не нужна для первого прототипа, но может улучшить просмотр выдачи. В заметке описаны краткое резюме, короткое описание и preview заметок. Формат специально короткий, похожий на реальную заметку в PKM-системе.",summarization,synthetic_pkm_ru
235,Сжатие длинных исследовательских заметок #25,"Суммаризация не нужна для первого прототипа, но может улучшить просмотр выдачи. В заметке описаны LLM, краткое резюме и preview заметок. В тексте достаточно контекста, чтобы semantic search мог найти смысловую связь.",summarization,synthetic_pkm_ru
236,Сжатие длинных исследовательских заметок #26,"Результаты поиска легче просматривать, если у каждой заметки есть короткое резюме. Здесь рассматриваются LLM, суммаризация и будущая поддержка LLM. Запись выглядит как рабочий фрагмент личной базы знаний, а не как готовая статья.",summarization,synthetic_pkm_ru
237,Краткие описания результатов поиска #27,"Результаты поиска легче просматривать, если у каждой заметки есть короткое резюме. Здесь рассматриваются короткое описание, LLM и будущая поддержка LLM. Запись выглядит как рабочий фрагмент личной базы знаний, а не как готовая статья.",summarization,synthetic_pkm_ru
238,Краткие описания результатов поиска #28,"Суммаризация не нужна для первого прототипа, но может улучшить просмотр выдачи. В заметке описаны суммаризация, короткое описание и preview заметок. Формат специально короткий, похожий на реальную заметку в PKM-системе.",summarization,synthetic_pkm_ru
239,Генерация preview для заметок #29,"Результаты поиска легче просматривать, если у каждой заметки есть короткое резюме. Здесь рассматриваются LLM, краткое резюме и будущая поддержка LLM. Эту заметку можно использовать в эксперименте по качеству поиска.",summarization,synthetic_pkm_ru
240,Сжатие длинных исследовательских заметок #30,"Суммаризация не нужна для первого прототипа, но может улучшить просмотр выдачи. В заметке описаны короткое описание, preview и preview заметок. Формат специально короткий, похожий на реальную заметку в PKM-системе.",summarization,synthetic_pkm_ru
